{"cameraMode":{"drawMode":0,"name":"Shaded","section":"Shading Mode"},"sceneLighting":true,"audioPlay":false,"sceneViewState":{"showFog":true,"showMaterialUpdate":false,"showSkybox":true,"showFlares":true,"showImageEffects":true,"showParticleSystems":true},"in2DMode":false,"pivot":{"x":15.282373428344727,"y":-2.15673828125,"z":74.07948303222656},"rotation":{"x":-0.23362649977207185,"y":-0.005259878002107143,"z":0.0012334262719377876,"w":-0.9723114371299744},"size":305.37005615234377,"orthographic":false}