{"cameraMode":{"drawMode":0,"name":"Shaded","section":"Shading Mode"},"sceneLighting":false,"audioPlay":false,"sceneViewState":{"showFog":true,"showMaterialUpdate":false,"showSkybox":false,"showFlares":true,"showImageEffects":true,"showParticleSystems":true},"in2DMode":false,"pivot":{"x":-91.98751068115235,"y":7.472690582275391,"z":0.3012351989746094},"rotation":{"x":-0.1650821417570114,"y":0.10540392249822617,"z":-0.017777182161808015,"w":-0.9804702401161194},"size":32.96500778198242,"orthographic":false}